Company,Year,Role,Standardized Role (DE),Standardized Role (EN),Rating,Source,NACE Code,Review Text,Sentiment,Main Topic,Standardized Topic (DE),Standardized Topic (EN)
BMW,2021,Werkstudent,Werkstudent,Working Student,4.0,sample,29.10,"Beispieltext 0 fuer BMW.
Zweite Zeile der Bewertung.",positive,Arbeitszeiten,Arbeitszeiten,Working Hours
BMW,2020,Ex-Angestellter,Ex-Angestellter,Former Employee,3.7,sample,29.10,"Beispieltext 1 fuer BMW.
Zweite Zeile der Bewertung.",positive,Flexibilität,Flexibilität,Flexibility
BMW,2021,Angestellter,Angestellter,Employee,3.3,sample,29.10,"Beispieltext 2 fuer BMW.
Zweite Zeile der Bewertung.",positive,Flexibilität,Flexibilität,Flexibility
BMW,2021,Angestellter,Angestellter,Employee,2.2,sample,29.10,"Beispieltext 3 fuer BMW.
Zweite Zeile der Bewertung.",negative,Arbeitszeiten,Arbeitszeiten,Working Hours
BMW,2024,Praktikant,Praktikant,Intern,4.8,sample,29.10,"Beispieltext 4 fuer BMW.
Zweite Zeile der Bewertung.",negative,Arbeitsbelastung,Arbeitsbelastung,Workload
BMW,2015,Angestellter,Angestellter,Employee,3.7,sample,29.10,"Beispieltext 5 fuer BMW.
Zweite Zeile der Bewertung.",positive,Flexibilität,Flexibilität,Flexibility
BMW,2017,Werkstudent,Werkstudent,Working Student,3.6,sample,29.10,"Beispieltext 6 fuer BMW.
Zweite Zeile der Bewertung.",neutral,Homeoffice,Homeoffice,Remote Work
BMW,2017,Ex-Angestellter,Ex-Angestellter,Former Employee,2.3,sample,29.10,"Beispieltext 7 fuer BMW.
Zweite Zeile der Bewertung.",negative,Flexibilität,Flexibilität,Flexibility
BMW,2023,Werkstudent,Werkstudent,Working Student,4.1,sample,29.10,"Beispieltext 8 fuer BMW.
Zweite Zeile der Bewertung.",positive,Arbeitszeiten,Arbeitszeiten,Working Hours
BMW,2022,Ex-Angestellter,Ex-Angestellter,Former Employee,4.0,sample,29.10,"Beispieltext 9 fuer BMW.
Zweite Zeile der Bewertung.",positive,Arbeitsbelastung,Arbeitsbelastung,Workload
BMW,2024,Werkstudent,Werkstudent,Working Student,4.8,sample,29.10,"Beispieltext 10 fuer BMW.
Zweite Zeile der Bewertung.",neutral,Homeoffice,Homeoffice,Remote Work
BMW,2017,Werkstudent,Werkstudent,Working Student,4.1,sample,29.10,"Beispieltext 11 fuer BMW.
Zweite Zeile der Bewertung.",positive,Flexibilität,Flexibilität,Flexibility
BMW,2019,Angestellter,Angestellter,Employee,3.6,sample,29.10,"Beispieltext 12 fuer BMW.
Zweite Zeile der Bewertung.",negative,Homeoffice,Homeoffice,Remote Work
BMW,2024,Manager,Manager,Manager,4.9,sample,29.10,"Beispieltext 13 fuer BMW.
Zweite Zeile der Bewertung.",neutral,Arbeitszeiten,Arbeitszeiten,Working Hours
BMW,2017,Ex-Angestellter,Ex-Angestellter,Former Employee,4.3,sample,29.10,"Beispieltext 14 fuer BMW.
Zweite Zeile der Bewertung.",neutral,Flexibilität,Flexibilität,Flexibility
BMW,2015,Manager,Manager,Manager,4.9,sample,29.10,"Beispieltext 15 fuer BMW.
Zweite Zeile der Bewertung.",neutral,Arbeitszeiten,Arbeitszeiten,Working Hours
BMW,2020,Ex-Angestellter,Ex-Angestellter,Former Employee,3.0,sample,29.10,"Beispieltext 16 fuer BMW.
Zweite Zeile der Bewertung.",negative,Homeoffice,Homeoffice,Remote Work
BMW,2024,Ex-Angestellter,Ex-Angestellter,Former Employee,4.4,sample,29.10,"Beispieltext 17 fuer BMW.
Zweite Zeile der Bewertung.",neutral,Arbeitszeiten,Arbeitszeiten,Working Hours
BMW,2022,Angestellter,Angestellter,Employee,4.1,sample,29.10,"Beispieltext 18 fuer BMW.
Zweite Zeile der Bewertung.",neutral,Arbeitszeiten,Arbeitszeiten,Working Hours
BMW,2019,Angestellter,Angestellter,Employee,3.9,sample,29.10,"Beispieltext 19 fuer BMW.
Zweite Zeile der Bewertung.",negative,Arbeitsbelastung,Arbeitsbelastung,Workload
BMW,2021,Werkstudent,Werkstudent,Working Student,4.7,sample,29.10,"Beispieltext 20 fuer BMW.
Zweite Zeile der Bewertung.",negative,Homeoffice,Homeoffice,Remote Work
BMW,2020,Angestellter,Angestellter,Employee,2.5,sample,29.10,"Beispieltext 21 fuer BMW.
Zweite Zeile der Bewertung.",neutral,Arbeitszeiten,Arbeitszeiten,Working Hours
BMW,2018,Manager,Manager,Manager,4.3,sample,29.10,"Beispieltext 22 fuer BMW.
Zweite Zeile der Bewertung.",positive,Flexibilität,Flexibilität,Flexibility
BMW,2021,Praktikant,Praktikant,Intern,4.8,sample,29.10,"Beispieltext 23 fuer BMW.
Zweite Zeile der Bewertung.",neutral,Arbeitsbelastung,Arbeitsbelastung,Workload
BMW,2022,Angestellter,Angestellter,Employee,3.2,sample,29.10,"Beispieltext 24 fuer BMW.
Zweite Zeile der Bewertung.",positive,Homeoffice,Homeoffice,Remote Work
BMW,2023,Praktikant,Praktikant,Intern,2.8,sample,29.10,"Beispieltext 25 fuer BMW.
Zweite Zeile der Bewertung.",neutral,Arbeitsbelastung,Arbeitsbelastung,Workload
BMW,2021,Werkstudent,Werkstudent,Working Student,4.9,sample,29.10,"Beispieltext 26 fuer BMW.
Zweite Zeile der Bewertung.",negative,Flexibilität,Flexibilität,Flexibility
BMW,2017,Angestellter,Angestellter,Employee,2.7,sample,29.10,"Beispieltext 27 fuer BMW.
Zweite Zeile der Bewertung.",positive,Flexibilität,Flexibilität,Flexibility
BMW,2024,Angestellter,Angestellter,Employee,2.5,sample,29.10,"Beispieltext 28 fuer BMW.
Zweite Zeile der Bewertung.",neutral,Homeoffice,Homeoffice,Remote Work
BMW,2021,Angestellter,Angestellter,Employee,3.6,sample,29.10,"Beispieltext 29 fuer BMW.
Zweite Zeile der Bewertung.",positive,Homeoffice,Homeoffice,Remote Work
BMW,2023,Praktikant,Praktikant,Intern,4.9,sample,29.10,"Beispieltext 30 fuer BMW.
Zweite Zeile der Bewertung.",negative,Arbeitszeiten,Arbeitszeiten,Working Hours
BMW,2023,Manager,Manager,Manager,3.2,sample,29.10,"Beispieltext 31 fuer BMW.
Zweite Zeile der Bewertung.",negative,Arbeitsbelastung,Arbeitsbelastung,Workload
BMW,2022,Manager,Manager,Manager,3.9,sample,29.10,"Beispieltext 32 fuer BMW.
Zweite Zeile der Bewertung.",positive,Arbeitszeiten,Arbeitszeiten,Working Hours
BMW,2018,Praktikant,Praktikant,Intern,3.3,sample,29.10,"Beispieltext 33 fuer BMW.
Zweite Zeile der Bewertung.",positive,Arbeitszeiten,Arbeitszeiten,Working Hours
BMW,2015,Werkstudent,Werkstudent,Working Student,2.3,sample,29.10,"Beispieltext 34 fuer BMW.
Zweite Zeile der Bewertung.",negative,Flexibilität,Flexibilität,Flexibility
BMW,2020,Ex-Angestellter,Ex-Angestellter,Former Employee,3.8,sample,29.10,"Beispieltext 35 fuer BMW.
Zweite Zeile der Bewertung.",positive,Arbeitszeiten,Arbeitszeiten,Working Hours
BMW,2021,Praktikant,Praktikant,Intern,2.4,sample,29.10,"Beispieltext 36 fuer BMW.
Zweite Zeile der Bewertung.",negative,Homeoffice,Homeoffice,Remote Work
BMW,2020,Werkstudent,Werkstudent,Working Student,3.4,sample,29.10,"Beispieltext 37 fuer BMW.
Zweite Zeile der Bewertung.",negative,Arbeitszeiten,Arbeitszeiten,Working Hours
BMW,2022,Manager,Manager,Manager,3.5,sample,29.10,"Beispieltext 38 fuer BMW.
Zweite Zeile der Bewertung.",neutral,Arbeitszeiten,Arbeitszeiten,Working Hours
BMW,2020,Praktikant,Praktikant,Intern,4.2,sample,29.10,"Beispieltext 39 fuer BMW.
Zweite Zeile der Bewertung.",positive,Arbeitsbelastung,Arbeitsbelastung,Workload
Mercedes-Benz,2015,Praktikant,Praktikant,Intern,2.6,sample,29.10,"Beispieltext 0 fuer Mercedes-Benz.
Zweite Zeile der Bewertung.",negative,Homeoffice,Homeoffice,Remote Work
Mercedes-Benz,2023,Praktikant,Praktikant,Intern,4.7,sample,29.10,"Beispieltext 1 fuer Mercedes-Benz.
Zweite Zeile der Bewertung.",negative,Homeoffice,Homeoffice,Remote Work
Mercedes-Benz,2019,Angestellter,Angestellter,Employee,3.6,sample,29.10,"Beispieltext 2 fuer Mercedes-Benz.
Zweite Zeile der Bewertung.",negative,Flexibilität,Flexibilität,Flexibility
Mercedes-Benz,2023,Werkstudent,Werkstudent,Working Student,3.6,sample,29.10,"Beispieltext 3 fuer Mercedes-Benz.
Zweite Zeile der Bewertung.",positive,Homeoffice,Homeoffice,Remote Work
Mercedes-Benz,2018,Praktikant,Praktikant,Intern,4.4,sample,29.10,"Beispieltext 4 fuer Mercedes-Benz.
Zweite Zeile der Bewertung.",negative,Arbeitsbelastung,Arbeitsbelastung,Workload
Mercedes-Benz,2023,Praktikant,Praktikant,Intern,3.5,sample,29.10,"Beispieltext 5 fuer Mercedes-Benz.
Zweite Zeile der Bewertung.",positive,Arbeitszeiten,Arbeitszeiten,Working Hours
Mercedes-Benz,2022,Angestellter,Angestellter,Employee,2.8,sample,29.10,"Beispieltext 6 fuer Mercedes-Benz.
Zweite Zeile der Bewertung.",neutral,Homeoffice,Homeoffice,Remote Work
Mercedes-Benz,2020,Manager,Manager,Manager,4.9,sample,29.10,"Beispieltext 7 fuer Mercedes-Benz.
Zweite Zeile der Bewertung.",negative,Homeoffice,Homeoffice,Remote Work
Mercedes-Benz,2016,Angestellter,Angestellter,Employee,2.7,sample,29.10,"Beispieltext 8 fuer Mercedes-Benz.
Zweite Zeile der Bewertung.",positive,Flexibilität,Flexibilität,Flexibility
Mercedes-Benz,2022,Werkstudent,Werkstudent,Working Student,3.9,sample,29.10,"Beispieltext 9 fuer Mercedes-Benz.
Zweite Zeile der Bewertung.",positive,Arbeitszeiten,Arbeitszeiten,Working Hours
Mercedes-Benz,2020,Manager,Manager,Manager,4.4,sample,29.10,"Beispieltext 10 fuer Mercedes-Benz.
Zweite Zeile der Bewertung.",negative,Arbeitszeiten,Arbeitszeiten,Working Hours
Mercedes-Benz,2018,Angestellter,Angestellter,Employee,3.4,sample,29.10,"Beispieltext 11 fuer Mercedes-Benz.
Zweite Zeile der Bewertung.",neutral,Flexibilität,Flexibilität,Flexibility
Mercedes-Benz,2020,Manager,Manager,Manager,2.3,sample,29.10,"Beispieltext 12 fuer Mercedes-Benz.
Zweite Zeile der Bewertung.",negative,Arbeitsbelastung,Arbeitsbelastung,Workload
Mercedes-Benz,2016,Manager,Manager,Manager,4.2,sample,29.10,"Beispieltext 13 fuer Mercedes-Benz.
Zweite Zeile der Bewertung.",neutral,Flexibilität,Flexibilität,Flexibility
Mercedes-Benz,2017,Praktikant,Praktikant,Intern,3.8,sample,29.10,"Beispieltext 14 fuer Mercedes-Benz.
Zweite Zeile der Bewertung.",positive,Arbeitsbelastung,Arbeitsbelastung,Workload
Mercedes-Benz,2024,Praktikant,Praktikant,Intern,4.9,sample,29.10,"Beispieltext 15 fuer Mercedes-Benz.
Zweite Zeile der Bewertung.",negative,Homeoffice,Homeoffice,Remote Work
Mercedes-Benz,2023,Praktikant,Praktikant,Intern,2.4,sample,29.10,"Beispieltext 16 fuer Mercedes-Benz.
Zweite Zeile der Bewertung.",negative,Arbeitszeiten,Arbeitszeiten,Working Hours
Mercedes-Benz,2017,Angestellter,Angestellter,Employee,3.3,sample,29.10,"Beispieltext 17 fuer Mercedes-Benz.
Zweite Zeile der Bewertung.",negative,Flexibilität,Flexibilität,Flexibility
Mercedes-Benz,2019,Praktikant,Praktikant,Intern,2.6,sample,29.10,"Beispieltext 18 fuer Mercedes-Benz.
Zweite Zeile der Bewertung.",positive,Flexibilität,Flexibilität,Flexibility
Mercedes-Benz,2019,Ex-Angestellter,Ex-Angestellter,Former Employee,3.6,sample,29.10,"Beispieltext 19 fuer Mercedes-Benz.
Zweite Zeile der Bewertung.",neutral,Flexibilität,Flexibilität,Flexibility
Mercedes-Benz,2020,Angestellter,Angestellter,Employee,4.7,sample,29.10,"Beispieltext 20 fuer Mercedes-Benz.
Zweite Zeile der Bewertung.",negative,Arbeitsbelastung,Arbeitsbelastung,Workload
Mercedes-Benz,2023,Ex-Angestellter,Ex-Angestellter,Former Employee,2.5,sample,29.10,"Beispieltext 21 fuer Mercedes-Benz.
Zweite Zeile der Bewertung.",positive,Arbeitszeiten,Arbeitszeiten,Working Hours
Mercedes-Benz,2024,Manager,Manager,Manager,2.0,sample,29.10,"Beispieltext 22 fuer Mercedes-Benz.
Zweite Zeile der Bewertung.",positive,Flexibilität,Flexibilität,Flexibility
Mercedes-Benz,2022,Praktikant,Praktikant,Intern,3.9,sample,29.10,"Beispieltext 23 fuer Mercedes-Benz.
Zweite Zeile der Bewertung.",positive,Arbeitszeiten,Arbeitszeiten,Working Hours
Mercedes-Benz,2020,Ex-Angestellter,Ex-Angestellter,Former Employee,4.0,sample,29.10,"Beispieltext 24 fuer Mercedes-Benz.
Zweite Zeile der Bewertung.",positive,Arbeitsbelastung,Arbeitsbelastung,Workload
Mercedes-Benz,2015,Angestellter,Angestellter,Employee,2.7,sample,29.10,"Beispieltext 25 fuer Mercedes-Benz.
Zweite Zeile der Bewertung.",negative,Homeoffice,Homeoffice,Remote Work
Mercedes-Benz,2023,Angestellter,Angestellter,Employee,3.4,sample,29.10,"Beispieltext 26 fuer Mercedes-Benz.
Zweite Zeile der Bewertung.",positive,Arbeitszeiten,Arbeitszeiten,Working Hours
Mercedes-Benz,2020,Angestellter,Angestellter,Employee,3.8,sample,29.10,"Beispieltext 27 fuer Mercedes-Benz.
Zweite Zeile der Bewertung.",neutral,Flexibilität,Flexibilität,Flexibility
Mercedes-Benz,2023,Werkstudent,Werkstudent,Working Student,3.6,sample,29.10,"Beispieltext 28 fuer Mercedes-Benz.
Zweite Zeile der Bewertung.",neutral,Arbeitsbelastung,Arbeitsbelastung,Workload
Mercedes-Benz,2023,Ex-Angestellter,Ex-Angestellter,Former Employee,4.6,sample,29.10,"Beispieltext 29 fuer Mercedes-Benz.
Zweite Zeile der Bewertung.",positive,Homeoffice,Homeoffice,Remote Work
Mercedes-Benz,2022,Ex-Angestellter,Ex-Angestellter,Former Employee,2.4,sample,29.10,"Beispieltext 30 fuer Mercedes-Benz.
Zweite Zeile der Bewertung.",positive,Arbeitszeiten,Arbeitszeiten,Working Hours
Mercedes-Benz,2020,Manager,Manager,Manager,2.2,sample,29.10,"Beispieltext 31 fuer Mercedes-Benz.
Zweite Zeile der Bewertung.",neutral,Flexibilität,Flexibilität,Flexibility
Mercedes-Benz,2018,Manager,Manager,Manager,4.0,sample,29.10,"Beispieltext 32 fuer Mercedes-Benz.
Zweite Zeile der Bewertung.",positive,Arbeitszeiten,Arbeitszeiten,Working Hours
Mercedes-Benz,2020,Praktikant,Praktikant,Intern,2.4,sample,29.10,"Beispieltext 33 fuer Mercedes-Benz.
Zweite Zeile der Bewertung.",negative,Flexibilität,Flexibilität,Flexibility
Mercedes-Benz,2016,Manager,Manager,Manager,3.2,sample,29.10,"Beispieltext 34 fuer Mercedes-Benz.
Zweite Zeile der Bewertung.",positive,Arbeitsbelastung,Arbeitsbelastung,Workload
Mercedes-Benz,2018,Praktikant,Praktikant,Intern,2.5,sample,29.10,"Beispieltext 35 fuer Mercedes-Benz.
Zweite Zeile der Bewertung.",negative,Arbeitsbelastung,Arbeitsbelastung,Workload
Mercedes-Benz,2020,Ex-Angestellter,Ex-Angestellter,Former Employee,3.3,sample,29.10,"Beispieltext 36 fuer Mercedes-Benz.
Zweite Zeile der Bewertung.",neutral,Homeoffice,Homeoffice,Remote Work
Mercedes-Benz,2020,Werkstudent,Werkstudent,Working Student,2.1,sample,29.10,"Beispieltext 37 fuer Mercedes-Benz.
Zweite Zeile der Bewertung.",positive,Arbeitsbelastung,Arbeitsbelastung,Workload
Mercedes-Benz,2015,Manager,Manager,Manager,3.2,sample,29.10,"Beispieltext 38 fuer Mercedes-Benz.
Zweite Zeile der Bewertung.",negative,Homeoffice,Homeoffice,Remote Work
Mercedes-Benz,2016,Ex-Angestellter,Ex-Angestellter,Former Employee,5.0,sample,29.10,"Beispieltext 39 fuer Mercedes-Benz.
Zweite Zeile der Bewertung.",positive,Flexibilität,Flexibilität,Flexibility
Audi,2019,Angestellter,Angestellter,Employee,2.8,sample,29.10,"Beispieltext 0 fuer Audi.
Zweite Zeile der Bewertung.",positive,Flexibilität,Flexibilität,Flexibility
Audi,2021,Werkstudent,Werkstudent,Working Student,4.5,sample,29.10,"Beispieltext 1 fuer Audi.
Zweite Zeile der Bewertung.",positive,Homeoffice,Homeoffice,Remote Work
Audi,2023,Manager,Manager,Manager,4.8,sample,29.10,"Beispieltext 2 fuer Audi.
Zweite Zeile der Bewertung.",positive,Arbeitsbelastung,Arbeitsbelastung,Workload
Audi,2019,Werkstudent,Werkstudent,Working Student,2.2,sample,29.10,"Beispieltext 3 fuer Audi.
Zweite Zeile der Bewertung.",positive,Flexibilität,Flexibilität,Flexibility
Audi,2019,Manager,Manager,Manager,4.8,sample,29.10,"Beispieltext 4 fuer Audi.
Zweite Zeile der Bewertung.",positive,Arbeitszeiten,Arbeitszeiten,Working Hours
Audi,2024,Werkstudent,Werkstudent,Working Student,4.6,sample,29.10,"Beispieltext 5 fuer Audi.
Zweite Zeile der Bewertung.",positive,Arbeitszeiten,Arbeitszeiten,Working Hours
Audi,2022,Werkstudent,Werkstudent,Working Student,2.0,sample,29.10,"Beispieltext 6 fuer Audi.
Zweite Zeile der Bewertung.",positive,Arbeitsbelastung,Arbeitsbelastung,Workload
Audi,2017,Werkstudent,Werkstudent,Working Student,2.1,sample,29.10,"Beispieltext 7 fuer Audi.
Zweite Zeile der Bewertung.",negative,Flexibilität,Flexibilität,Flexibility
Audi,2019,Angestellter,Angestellter,Employee,2.2,sample,29.10,"Beispieltext 8 fuer Audi.
Zweite Zeile der Bewertung.",positive,Flexibilität,Flexibilität,Flexibility
Audi,2019,Werkstudent,Werkstudent,Working Student,3.6,sample,29.10,"Beispieltext 9 fuer Audi.
Zweite Zeile der Bewertung.",negative,Flexibilität,Flexibilität,Flexibility
Audi,2023,Werkstudent,Werkstudent,Working Student,4.0,sample,29.10,"Beispieltext 10 fuer Audi.
Zweite Zeile der Bewertung.",neutral,Homeoffice,Homeoffice,Remote Work
Audi,2019,Werkstudent,Werkstudent,Working Student,2.1,sample,29.10,"Beispieltext 11 fuer Audi.
Zweite Zeile der Bewertung.",positive,Arbeitszeiten,Arbeitszeiten,Working Hours
Audi,2018,Ex-Angestellter,Ex-Angestellter,Former Employee,3.5,sample,29.10,"Beispieltext 12 fuer Audi.
Zweite Zeile der Bewertung.",negative,Flexibilität,Flexibilität,Flexibility
Audi,2021,Manager,Manager,Manager,4.0,sample,29.10,"Beispieltext 13 fuer Audi.
Zweite Zeile der Bewertung.",positive,Arbeitsbelastung,Arbeitsbelastung,Workload
Audi,2018,Ex-Angestellter,Ex-Angestellter,Former Employee,4.9,sample,29.10,"Beispieltext 14 fuer Audi.
Zweite Zeile der Bewertung.",neutral,Homeoffice,Homeoffice,Remote Work
Audi,2017,Praktikant,Praktikant,Intern,3.2,sample,29.10,"Beispieltext 15 fuer Audi.
Zweite Zeile der Bewertung.",negative,Homeoffice,Homeoffice,Remote Work
Audi,2015,Angestellter,Angestellter,Employee,2.2,sample,29.10,"Beispieltext 16 fuer Audi.
Zweite Zeile der Bewertung.",positive,Homeoffice,Homeoffice,Remote Work
Audi,2015,Manager,Manager,Manager,2.3,sample,29.10,"Beispieltext 17 fuer Audi.
Zweite Zeile der Bewertung.",positive,Arbeitsbelastung,Arbeitsbelastung,Workload
Audi,2019,Ex-Angestellter,Ex-Angestellter,Former Employee,3.8,sample,29.10,"Beispieltext 18 fuer Audi.
Zweite Zeile der Bewertung.",negative,Homeoffice,Homeoffice,Remote Work
Audi,2017,Angestellter,Angestellter,Employee,2.5,sample,29.10,"Beispieltext 19 fuer Audi.
Zweite Zeile der Bewertung.",neutral,Arbeitsbelastung,Arbeitsbelastung,Workload
Audi,2020,Angestellter,Angestellter,Employee,4.9,sample,29.10,"Beispieltext 20 fuer Audi.
Zweite Zeile der Bewertung.",neutral,Homeoffice,Homeoffice,Remote Work
Audi,2019,Praktikant,Praktikant,Intern,2.7,sample,29.10,"Beispieltext 21 fuer Audi.
Zweite Zeile der Bewertung.",positive,Flexibilität,Flexibilität,Flexibility
Audi,2021,Angestellter,Angestellter,Employee,2.3,sample,29.10,"Beispieltext 22 fuer Audi.
Zweite Zeile der Bewertung.",neutral,Homeoffice,Homeoffice,Remote Work
Audi,2018,Ex-Angestellter,Ex-Angestellter,Former Employee,2.7,sample,29.10,"Beispieltext 23 fuer Audi.
Zweite Zeile der Bewertung.",negative,Arbeitszeiten,Arbeitszeiten,Working Hours
Audi,2016,Angestellter,Angestellter,Employee,2.4,sample,29.10,"Beispieltext 24 fuer Audi.
Zweite Zeile der Bewertung.",neutral,Arbeitszeiten,Arbeitszeiten,Working Hours
Audi,2019,Manager,Manager,Manager,2.9,sample,29.10,"Beispieltext 25 fuer Audi.
Zweite Zeile der Bewertung.",positive,Flexibilität,Flexibilität,Flexibility
Audi,2023,Angestellter,Angestellter,Employee,4.6,sample,29.10,"Beispieltext 26 fuer Audi.
Zweite Zeile der Bewertung.",negative,Flexibilität,Flexibilität,Flexibility
Audi,2020,Ex-Angestellter,Ex-Angestellter,Former Employee,4.2,sample,29.10,"Beispieltext 27 fuer Audi.
Zweite Zeile der Bewertung.",neutral,Arbeitsbelastung,Arbeitsbelastung,Workload
Audi,2024,Praktikant,Praktikant,Intern,3.9,sample,29.10,"Beispieltext 28 fuer Audi.
Zweite Zeile der Bewertung.",neutral,Arbeitszeiten,Arbeitszeiten,Working Hours
Audi,2021,Ex-Angestellter,Ex-Angestellter,Former Employee,4.2,sample,29.10,"Beispieltext 29 fuer Audi.
Zweite Zeile der Bewertung.",negative,Flexibilität,Flexibilität,Flexibility
Audi,2024,Ex-Angestellter,Ex-Angestellter,Former Employee,4.5,sample,29.10,"Beispieltext 30 fuer Audi.
Zweite Zeile der Bewertung.",negative,Arbeitszeiten,Arbeitszeiten,Working Hours
Audi,2018,Ex-Angestellter,Ex-Angestellter,Former Employee,2.3,sample,29.10,"Beispieltext 31 fuer Audi.
Zweite Zeile der Bewertung.",negative,Arbeitszeiten,Arbeitszeiten,Working Hours
Audi,2020,Praktikant,Praktikant,Intern,4.9,sample,29.10,"Beispieltext 32 fuer Audi.
Zweite Zeile der Bewertung.",negative,Arbeitsbelastung,Arbeitsbelastung,Workload
Audi,2015,Manager,Manager,Manager,3.9,sample,29.10,"Beispieltext 33 fuer Audi.
Zweite Zeile der Bewertung.",negative,Flexibilität,Flexibilität,Flexibility
Audi,2015,Manager,Manager,Manager,3.4,sample,29.10,"Beispieltext 34 fuer Audi.
Zweite Zeile der Bewertung.",neutral,Arbeitszeiten,Arbeitszeiten,Working Hours
Audi,2016,Ex-Angestellter,Ex-Angestellter,Former Employee,4.0,sample,29.10,"Beispieltext 35 fuer Audi.
Zweite Zeile der Bewertung.",negative,Arbeitszeiten,Arbeitszeiten,Working Hours
Audi,2016,Manager,Manager,Manager,4.5,sample,29.10,"Beispieltext 36 fuer Audi.
Zweite Zeile der Bewertung.",neutral,Flexibilität,Flexibilität,Flexibility
Audi,2022,Praktikant,Praktikant,Intern,3.5,sample,29.10,"Beispieltext 37 fuer Audi.
Zweite Zeile der Bewertung.",positive,Arbeitsbelastung,Arbeitsbelastung,Workload
Audi,2019,Angestellter,Angestellter,Employee,4.3,sample,29.10,"Beispieltext 38 fuer Audi.
Zweite Zeile der Bewertung.",neutral,Flexibilität,Flexibilität,Flexibility
Audi,2017,Angestellter,Angestellter,Employee,3.0,sample,29.10,"Beispieltext 39 fuer Audi.
Zweite Zeile der Bewertung.",negative,Homeoffice,Homeoffice,Remote Work
Porsche,2017,Ex-Angestellter,Ex-Angestellter,Former Employee,2.0,sample,29.10,"Beispieltext 0 fuer Porsche.
Zweite Zeile der Bewertung.",negative,Arbeitszeiten,Arbeitszeiten,Working Hours
Porsche,2016,Manager,Manager,Manager,4.1,sample,29.10,"Beispieltext 1 fuer Porsche.
Zweite Zeile der Bewertung.",neutral,Arbeitsbelastung,Arbeitsbelastung,Workload
Porsche,2023,Werkstudent,Werkstudent,Working Student,2.9,sample,29.10,"Beispieltext 2 fuer Porsche.
Zweite Zeile der Bewertung.",negative,Arbeitsbelastung,Arbeitsbelastung,Workload
Porsche,2023,Manager,Manager,Manager,2.6,sample,29.10,"Beispieltext 3 fuer Porsche.
Zweite Zeile der Bewertung.",positive,Arbeitszeiten,Arbeitszeiten,Working Hours
Porsche,2019,Manager,Manager,Manager,3.4,sample,29.10,"Beispieltext 4 fuer Porsche.
Zweite Zeile der Bewertung.",positive,Arbeitsbelastung,Arbeitsbelastung,Workload
Porsche,2018,Werkstudent,Werkstudent,Working Student,4.7,sample,29.10,"Beispieltext 5 fuer Porsche.
Zweite Zeile der Bewertung.",neutral,Flexibilität,Flexibilität,Flexibility
Porsche,2016,Angestellter,Angestellter,Employee,2.4,sample,29.10,"Beispieltext 6 fuer Porsche.
Zweite Zeile der Bewertung.",negative,Homeoffice,Homeoffice,Remote Work
Porsche,2024,Werkstudent,Werkstudent,Working Student,4.5,sample,29.10,"Beispieltext 7 fuer Porsche.
Zweite Zeile der Bewertung.",positive,Homeoffice,Homeoffice,Remote Work
Porsche,2020,Angestellter,Angestellter,Employee,2.7,sample,29.10,"Beispieltext 8 fuer Porsche.
Zweite Zeile der Bewertung.",negative,Arbeitsbelastung,Arbeitsbelastung,Workload
Porsche,2017,Manager,Manager,Manager,2.0,sample,29.10,"Beispieltext 9 fuer Porsche.
Zweite Zeile der Bewertung.",positive,Arbeitsbelastung,Arbeitsbelastung,Workload
Porsche,2019,Manager,Manager,Manager,4.2,sample,29.10,"Beispieltext 10 fuer Porsche.
Zweite Zeile der Bewertung.",neutral,Arbeitsbelastung,Arbeitsbelastung,Workload
Porsche,2020,Werkstudent,Werkstudent,Working Student,2.4,sample,29.10,"Beispieltext 11 fuer Porsche.
Zweite Zeile der Bewertung.",neutral,Homeoffice,Homeoffice,Remote Work
Porsche,2020,Angestellter,Angestellter,Employee,4.5,sample,29.10,"Beispieltext 12 fuer Porsche.
Zweite Zeile der Bewertung.",neutral,Arbeitszeiten,Arbeitszeiten,Working Hours
Porsche,2015,Praktikant,Praktikant,Intern,4.7,sample,29.10,"Beispieltext 13 fuer Porsche.
Zweite Zeile der Bewertung.",negative,Homeoffice,Homeoffice,Remote Work
Porsche,2016,Werkstudent,Werkstudent,Working Student,3.2,sample,29.10,"Beispieltext 14 fuer Porsche.
Zweite Zeile der Bewertung.",neutral,Arbeitszeiten,Arbeitszeiten,Working Hours
Porsche,2019,Werkstudent,Werkstudent,Working Student,4.6,sample,29.10,"Beispieltext 15 fuer Porsche.
Zweite Zeile der Bewertung.",neutral,Homeoffice,Homeoffice,Remote Work
Porsche,2019,Angestellter,Angestellter,Employee,3.9,sample,29.10,"Beispieltext 16 fuer Porsche.
Zweite Zeile der Bewertung.",positive,Flexibilität,Flexibilität,Flexibility
Porsche,2021,Praktikant,Praktikant,Intern,3.5,sample,29.10,"Beispieltext 17 fuer Porsche.
Zweite Zeile der Bewertung.",neutral,Flexibilität,Flexibilität,Flexibility
Porsche,2015,Werkstudent,Werkstudent,Working Student,4.4,sample,29.10,"Beispieltext 18 fuer Porsche.
Zweite Zeile der Bewertung.",neutral,Arbeitsbelastung,Arbeitsbelastung,Workload
Porsche,2018,Ex-Angestellter,Ex-Angestellter,Former Employee,4.2,sample,29.10,"Beispieltext 19 fuer Porsche.
Zweite Zeile der Bewertung.",negative,Arbeitszeiten,Arbeitszeiten,Working Hours
Porsche,2024,Manager,Manager,Manager,4.3,sample,29.10,"Beispieltext 20 fuer Porsche.
Zweite Zeile der Bewertung.",neutral,Homeoffice,Homeoffice,Remote Work
Porsche,2023,Manager,Manager,Manager,2.4,sample,29.10,"Beispieltext 21 fuer Porsche.
Zweite Zeile der Bewertung.",positive,Arbeitsbelastung,Arbeitsbelastung,Workload
Porsche,2019,Manager,Manager,Manager,2.9,sample,29.10,"Beispieltext 22 fuer Porsche.
Zweite Zeile der Bewertung.",neutral,Homeoffice,Homeoffice,Remote Work
Porsche,2018,Manager,Manager,Manager,2.9,sample,29.10,"Beispieltext 23 fuer Porsche.
Zweite Zeile der Bewertung.",negative,Arbeitsbelastung,Arbeitsbelastung,Workload
Porsche,2017,Angestellter,Angestellter,Employee,2.2,sample,29.10,"Beispieltext 24 fuer Porsche.
Zweite Zeile der Bewertung.",positive,Arbeitsbelastung,Arbeitsbelastung,Workload
Porsche,2022,Ex-Angestellter,Ex-Angestellter,Former Employee,4.7,sample,29.10,"Beispieltext 25 fuer Porsche.
Zweite Zeile der Bewertung.",positive,Arbeitsbelastung,Arbeitsbelastung,Workload
Porsche,2023,Manager,Manager,Manager,2.6,sample,29.10,"Beispieltext 26 fuer Porsche.
Zweite Zeile der Bewertung.",positive,Arbeitszeiten,Arbeitszeiten,Working Hours
Porsche,2023,Praktikant,Praktikant,Intern,2.3,sample,29.10,"Beispieltext 27 fuer Porsche.
Zweite Zeile der Bewertung.",neutral,Flexibilität,Flexibilität,Flexibility
Porsche,2024,Werkstudent,Werkstudent,Working Student,2.6,sample,29.10,"Beispieltext 28 fuer Porsche.
Zweite Zeile der Bewertung.",neutral,Arbeitszeiten,Arbeitszeiten,Working Hours
Porsche,2021,Manager,Manager,Manager,4.2,sample,29.10,"Beispieltext 29 fuer Porsche.
Zweite Zeile der Bewertung.",neutral,Flexibilität,Flexibilität,Flexibility
Porsche,2020,Manager,Manager,Manager,4.3,sample,29.10,"Beispieltext 30 fuer Porsche.
Zweite Zeile der Bewertung.",neutral,Arbeitsbelastung,Arbeitsbelastung,Workload
Porsche,2020,Werkstudent,Werkstudent,Working Student,2.4,sample,29.10,"Beispieltext 31 fuer Porsche.
Zweite Zeile der Bewertung.",negative,Flexibilität,Flexibilität,Flexibility
Porsche,2018,Angestellter,Angestellter,Employee,3.2,sample,29.10,"Beispieltext 32 fuer Porsche.
Zweite Zeile der Bewertung.",neutral,Arbeitsbelastung,Arbeitsbelastung,Workload
Porsche,2015,Manager,Manager,Manager,2.4,sample,29.10,"Beispieltext 33 fuer Porsche.
Zweite Zeile der Bewertung.",neutral,Arbeitsbelastung,Arbeitsbelastung,Workload
Porsche,2022,Manager,Manager,Manager,2.0,sample,29.10,"Beispieltext 34 fuer Porsche.
Zweite Zeile der Bewertung.",negative,Arbeitsbelastung,Arbeitsbelastung,Workload
Porsche,2022,Ex-Angestellter,Ex-Angestellter,Former Employee,2.7,sample,29.10,"Beispieltext 35 fuer Porsche.
Zweite Zeile der Bewertung.",neutral,Arbeitszeiten,Arbeitszeiten,Working Hours
Porsche,2017,Praktikant,Praktikant,Intern,3.6,sample,29.10,"Beispieltext 36 fuer Porsche.
Zweite Zeile der Bewertung.",positive,Arbeitszeiten,Arbeitszeiten,Working Hours
Porsche,2023,Manager,Manager,Manager,4.3,sample,29.10,"Beispieltext 37 fuer Porsche.
Zweite Zeile der Bewertung.",positive,Arbeitszeiten,Arbeitszeiten,Working Hours
Porsche,2024,Praktikant,Praktikant,Intern,4.8,sample,29.10,"Beispieltext 38 fuer Porsche.
Zweite Zeile der Bewertung.",positive,Homeoffice,Homeoffice,Remote Work
Porsche,2019,Praktikant,Praktikant,Intern,3.6,sample,29.10,"Beispieltext 39 fuer Porsche.
Zweite Zeile der Bewertung.",negative,Arbeitsbelastung,Arbeitsbelastung,Workload
Volkswagen,2016,Angestellter,Angestellter,Employee,2.9,sample,29.10,"Beispieltext 0 fuer Volkswagen.
Zweite Zeile der Bewertung.",positive,Flexibilität,Flexibilität,Flexibility
Volkswagen,2018,Manager,Manager,Manager,4.4,sample,29.10,"Beispieltext 1 fuer Volkswagen.
Zweite Zeile der Bewertung.",neutral,Arbeitszeiten,Arbeitszeiten,Working Hours
Volkswagen,2019,Angestellter,Angestellter,Employee,5.0,sample,29.10,"Beispieltext 2 fuer Volkswagen.
Zweite Zeile der Bewertung.",negative,Homeoffice,Homeoffice,Remote Work
Volkswagen,2018,Werkstudent,Werkstudent,Working Student,3.4,sample,29.10,"Beispieltext 3 fuer Volkswagen.
Zweite Zeile der Bewertung.",negative,Flexibilität,Flexibilität,Flexibility
Volkswagen,2015,Ex-Angestellter,Ex-Angestellter,Former Employee,4.9,sample,29.10,"Beispieltext 4 fuer Volkswagen.
Zweite Zeile der Bewertung.",positive,Homeoffice,Homeoffice,Remote Work
Volkswagen,2018,Angestellter,Angestellter,Employee,3.5,sample,29.10,"Beispieltext 5 fuer Volkswagen.
Zweite Zeile der Bewertung.",positive,Arbeitsbelastung,Arbeitsbelastung,Workload
Volkswagen,2018,Angestellter,Angestellter,Employee,4.0,sample,29.10,"Beispieltext 6 fuer Volkswagen.
Zweite Zeile der Bewertung.",neutral,Homeoffice,Homeoffice,Remote Work
Volkswagen,2015,Praktikant,Praktikant,Intern,4.1,sample,29.10,"Beispieltext 7 fuer Volkswagen.
Zweite Zeile der Bewertung.",neutral,Arbeitsbelastung,Arbeitsbelastung,Workload
Volkswagen,2021,Werkstudent,Werkstudent,Working Student,2.6,sample,29.10,"Beispieltext 8 fuer Volkswagen.
Zweite Zeile der Bewertung.",negative,Homeoffice,Homeoffice,Remote Work
Volkswagen,2018,Ex-Angestellter,Ex-Angestellter,Former Employee,3.5,sample,29.10,"Beispieltext 9 fuer Volkswagen.
Zweite Zeile der Bewertung.",positive,Flexibilität,Flexibilität,Flexibility
Volkswagen,2018,Werkstudent,Werkstudent,Working Student,3.4,sample,29.10,"Beispieltext 10 fuer Volkswagen.
Zweite Zeile der Bewertung.",positive,Homeoffice,Homeoffice,Remote Work
Volkswagen,2024,Werkstudent,Werkstudent,Working Student,3.5,sample,29.10,"Beispieltext 11 fuer Volkswagen.
Zweite Zeile der Bewertung.",positive,Flexibilität,Flexibilität,Flexibility
Volkswagen,2021,Praktikant,Praktikant,Intern,4.7,sample,29.10,"Beispieltext 12 fuer Volkswagen.
Zweite Zeile der Bewertung.",neutral,Arbeitszeiten,Arbeitszeiten,Working Hours
Volkswagen,2021,Ex-Angestellter,Ex-Angestellter,Former Employee,2.2,sample,29.10,"Beispieltext 13 fuer Volkswagen.
Zweite Zeile der Bewertung.",positive,Arbeitszeiten,Arbeitszeiten,Working Hours
Volkswagen,2021,Ex-Angestellter,Ex-Angestellter,Former Employee,2.2,sample,29.10,"Beispieltext 14 fuer Volkswagen.
Zweite Zeile der Bewertung.",positive,Arbeitszeiten,Arbeitszeiten,Working Hours
Volkswagen,2022,Praktikant,Praktikant,Intern,4.7,sample,29.10,"Beispieltext 15 fuer Volkswagen.
Zweite Zeile der Bewertung.",neutral,Homeoffice,Homeoffice,Remote Work
Volkswagen,2017,Angestellter,Angestellter,Employee,3.0,sample,29.10,"Beispieltext 16 fuer Volkswagen.
Zweite Zeile der Bewertung.",positive,Flexibilität,Flexibilität,Flexibility
Volkswagen,2022,Ex-Angestellter,Ex-Angestellter,Former Employee,2.1,sample,29.10,"Beispieltext 17 fuer Volkswagen.
Zweite Zeile der Bewertung.",negative,Arbeitsbelastung,Arbeitsbelastung,Workload
Volkswagen,2022,Werkstudent,Werkstudent,Working Student,2.5,sample,29.10,"Beispieltext 18 fuer Volkswagen.
Zweite Zeile der Bewertung.",neutral,Arbeitszeiten,Arbeitszeiten,Working Hours
Volkswagen,2016,Angestellter,Angestellter,Employee,3.1,sample,29.10,"Beispieltext 19 fuer Volkswagen.
Zweite Zeile der Bewertung.",neutral,Arbeitszeiten,Arbeitszeiten,Working Hours
Volkswagen,2021,Ex-Angestellter,Ex-Angestellter,Former Employee,3.1,sample,29.10,"Beispieltext 20 fuer Volkswagen.
Zweite Zeile der Bewertung.",positive,Homeoffice,Homeoffice,Remote Work
Volkswagen,2015,Manager,Manager,Manager,4.1,sample,29.10,"Beispieltext 21 fuer Volkswagen.
Zweite Zeile der Bewertung.",positive,Flexibilität,Flexibilität,Flexibility
Volkswagen,2022,Werkstudent,Werkstudent,Working Student,2.6,sample,29.10,"Beispieltext 22 fuer Volkswagen.
Zweite Zeile der Bewertung.",negative,Homeoffice,Homeoffice,Remote Work
Volkswagen,2021,Manager,Manager,Manager,2.7,sample,29.10,"Beispieltext 23 fuer Volkswagen.
Zweite Zeile der Bewertung.",positive,Arbeitsbelastung,Arbeitsbelastung,Workload
Volkswagen,2015,Angestellter,Angestellter,Employee,3.4,sample,29.10,"Beispieltext 24 fuer Volkswagen.
Zweite Zeile der Bewertung.",neutral,Arbeitszeiten,Arbeitszeiten,Working Hours
Volkswagen,2016,Werkstudent,Werkstudent,Working Student,4.7,sample,29.10,"Beispieltext 25 fuer Volkswagen.
Zweite Zeile der Bewertung.",positive,Homeoffice,Homeoffice,Remote Work
Volkswagen,2020,Werkstudent,Werkstudent,Working Student,4.9,sample,29.10,"Beispieltext 26 fuer Volkswagen.
Zweite Zeile der Bewertung.",neutral,Arbeitszeiten,Arbeitszeiten,Working Hours
Volkswagen,2020,Werkstudent,Werkstudent,Working Student,4.8,sample,29.10,"Beispieltext 27 fuer Volkswagen.
Zweite Zeile der Bewertung.",negative,Homeoffice,Homeoffice,Remote Work
Volkswagen,2024,Angestellter,Angestellter,Employee,4.7,sample,29.10,"Beispieltext 28 fuer Volkswagen.
Zweite Zeile der Bewertung.",negative,Arbeitszeiten,Arbeitszeiten,Working Hours
Volkswagen,2016,Angestellter,Angestellter,Employee,3.4,sample,29.10,"Beispieltext 29 fuer Volkswagen.
Zweite Zeile der Bewertung.",positive,Arbeitsbelastung,Arbeitsbelastung,Workload
Volkswagen,2021,Manager,Manager,Manager,4.4,sample,29.10,"Beispieltext 30 fuer Volkswagen.
Zweite Zeile der Bewertung.",neutral,Flexibilität,Flexibilität,Flexibility
Volkswagen,2015,Manager,Manager,Manager,4.4,sample,29.10,"Beispieltext 31 fuer Volkswagen.
Zweite Zeile der Bewertung.",positive,Homeoffice,Homeoffice,Remote Work
Volkswagen,2018,Praktikant,Praktikant,Intern,3.0,sample,29.10,"Beispieltext 32 fuer Volkswagen.
Zweite Zeile der Bewertung.",negative,Homeoffice,Homeoffice,Remote Work
Volkswagen,2024,Manager,Manager,Manager,2.2,sample,29.10,"Beispieltext 33 fuer Volkswagen.
Zweite Zeile der Bewertung.",neutral,Flexibilität,Flexibilität,Flexibility
Volkswagen,2018,Manager,Manager,Manager,3.2,sample,29.10,"Beispieltext 34 fuer Volkswagen.
Zweite Zeile der Bewertung.",positive,Arbeitszeiten,Arbeitszeiten,Working Hours
Volkswagen,2023,Manager,Manager,Manager,3.0,sample,29.10,"Beispieltext 35 fuer Volkswagen.
Zweite Zeile der Bewertung.",negative,Arbeitsbelastung,Arbeitsbelastung,Workload
Volkswagen,2019,Angestellter,Angestellter,Employee,3.9,sample,29.10,"Beispieltext 36 fuer Volkswagen.
Zweite Zeile der Bewertung.",positive,Flexibilität,Flexibilität,Flexibility
Volkswagen,2022,Angestellter,Angestellter,Employee,5.0,sample,29.10,"Beispieltext 37 fuer Volkswagen.
Zweite Zeile der Bewertung.",neutral,Arbeitsbelastung,Arbeitsbelastung,Workload
Volkswagen,2017,Praktikant,Praktikant,Intern,3.3,sample,29.10,"Beispieltext 38 fuer Volkswagen.
Zweite Zeile der Bewertung.",positive,Flexibilität,Flexibilität,Flexibility
Volkswagen,2016,Ex-Angestellter,Ex-Angestellter,Former Employee,4.3,sample,29.10,"Beispieltext 39 fuer Volkswagen.
Zweite Zeile der Bewertung.",negative,Homeoffice,Homeoffice,Remote Work
