dataset,Company,period,n_reviews,mean_sentiment,n_positive,n_negative,mean_rating,pct_negative
automotive,Audi,1_pre_covid,88,-0.182,17,33,3.49,37.5
automotive,Audi,2_covid,70,0.086,23,17,3.58,24.3
automotive,Audi,3_post_covid,51,0.118,21,15,4.04,29.4
automotive,BMW,1_pre_covid,287,0.042,67,55,4.12,19.2
automotive,BMW,2_covid,212,0.0,57,57,3.66,26.9
automotive,BMW,3_post_covid,202,-0.139,43,71,3.57,35.1
automotive,Knorr-Bremse,1_pre_covid,71,-0.099,18,25,3.07,35.2
automotive,Knorr-Bremse,2_covid,67,-0.149,21,31,3.36,46.3
automotive,Knorr-Bremse,3_post_covid,78,-0.256,14,34,3.16,43.6
automotive,Magna,1_pre_covid,64,-0.125,12,20,3.22,31.3
automotive,Magna,2_covid,47,-0.213,12,22,3.24,46.8
automotive,Magna,3_post_covid,26,-0.346,5,14,2.87,53.8
automotive,Mercedes-Benz,1_pre_covid,378,0.048,106,88,3.95,23.3
automotive,Mercedes-Benz,2_covid,308,0.019,79,73,3.66,23.7
automotive,Mercedes-Benz,3_post_covid,238,0.055,72,59,3.75,24.8
automotive,Porsche,1_pre_covid,51,-0.275,4,18,3.85,35.3
automotive,Porsche,2_covid,88,0.011,24,23,3.87,26.1
automotive,Porsche,3_post_covid,83,-0.133,18,29,3.99,34.9
automotive,Rheinmetall,1_pre_covid,32,-0.219,4,11,3.51,34.4
automotive,Rheinmetall,2_covid,80,0.038,27,24,3.58,30.0
automotive,Rheinmetall,3_post_covid,97,-0.124,24,36,3.2,37.1
automotive,Schaeffler,1_pre_covid,59,-0.203,8,20,3.14,33.9
automotive,Schaeffler,2_covid,105,-0.086,32,41,3.47,39.0
automotive,Schaeffler,3_post_covid,86,0.012,28,27,3.49,31.4
automotive,Volkswagen,1_pre_covid,95,-0.137,18,31,3.8,32.6
automotive,Volkswagen,2_covid,90,0.044,23,19,4.25,21.1
automotive,Volkswagen,3_post_covid,92,-0.087,22,30,3.76,32.6
non_automotive,Bosch,1_pre_covid,308,0.036,87,76,3.76,24.7
non_automotive,Bosch,2_covid,333,0.159,110,57,4.14,17.1
non_automotive,Bosch,3_post_covid,262,0.145,94,56,3.83,21.4
non_automotive,DHL,1_pre_covid,38,-0.5,0,19,,50.0
non_automotive,DHL,2_covid,68,-0.265,5,23,,33.8
non_automotive,DHL,3_post_covid,26,-0.346,0,9,,34.6
non_automotive,Deutsche Bahn,1_pre_covid,50,-0.28,4,18,,36.0
non_automotive,Deutsche Bahn,2_covid,83,-0.084,12,19,,22.9
non_automotive,Deutsche Bahn,3_post_covid,58,-0.241,3,17,,29.3
non_automotive,Deutsche Telekom,1_pre_covid,36,-0.333,2,14,,38.9
non_automotive,Deutsche Telekom,2_covid,61,-0.262,6,22,,36.1
non_automotive,Deutsche Telekom,3_post_covid,26,-0.115,3,6,,23.1
non_automotive,Freudenberg,1_pre_covid,36,-0.028,10,11,3.58,30.6
non_automotive,Freudenberg,2_covid,33,-0.152,5,10,3.15,30.3
non_automotive,Freudenberg,3_post_covid,52,-0.019,14,15,3.73,28.8
non_automotive,IBM,1_pre_covid,60,-0.283,7,24,,40.0
non_automotive,IBM,2_covid,43,-0.047,8,10,,23.3
non_automotive,IBM,3_post_covid,16,-0.063,3,4,,25.0
non_automotive,Lidl,1_pre_covid,61,-0.541,1,34,,55.7
non_automotive,Lidl,2_covid,104,-0.375,6,45,,43.3
non_automotive,Lidl,3_post_covid,38,-0.395,1,16,,42.1
non_automotive,REWE,1_pre_covid,23,-0.261,2,8,,34.8
non_automotive,REWE,2_covid,59,-0.271,5,21,,35.6
non_automotive,REWE,3_post_covid,31,-0.226,2,9,,29.0
non_automotive,SAP,1_pre_covid,368,0.071,83,57,4.43,15.5
non_automotive,SAP,2_covid,443,0.167,142,68,4.51,15.3
non_automotive,SAP,3_post_covid,153,-0.209,29,61,3.22,39.9
non_automotive,Siemens,1_pre_covid,111,-0.117,7,20,,18.0
non_automotive,Siemens,2_covid,151,-0.066,17,27,,17.9
non_automotive,Siemens,3_post_covid,76,-0.053,7,11,,14.5
