Year,Standardized Topic (EN),mentions,rank
2020,Working Hours,90,1
2020,Flexibility,74,2
2020,Workload,46,3
2020,Remote Work,45,4
2020,Leadership,32,5
2021,Working Hours,71,1
2021,Flexibility,51,2
2021,Workload,45,3
2021,Corporate Culture,37,4
2021,Remote Work,36,5
2022,Working Hours,89,1
2022,Workload,59,2
2022,Flexibility,59,3
2022,Remote Work,51,4
2022,Corporate Culture,39,5
2023,Working Hours,119,1
2023,Workload,72,2
2023,Remote Work,71,3
2023,Flexibility,65,4
2023,Corporate Culture,41,5
2024,Working Hours,97,1
2024,Flexibility,75,2
2024,Remote Work,54,3
2024,Workload,36,4
2024,Corporate Culture,27,5
